{"accuracy": 78.57, "cv_mean": 87.49, "cv_std": 5.57, "cv_scores": [89.29, 88.89, 81.48, 96.3, 81.48], "precision": 81.61, "recall": 78.57, "f1_score": 78.68, "report": {"negative": {"precision": 1.0, "recall": 0.6666666666666666, "f1-score": 0.8, "support": 9.0}, "neutral": {"precision": 0.7, "recall": 0.875, "f1-score": 0.7777777777777778, "support": 8.0}, "positive": {"precision": 0.75, "recall": 0.8181818181818182, "f1-score": 0.782608695652174, "support": 11.0}, "accuracy": 0.7857142857142857, "macro avg": {"precision": 0.8166666666666668, "recall": 0.7866161616161617, "f1-score": 0.7867954911433173, "support": 28.0}, "weighted avg": {"precision": 0.8160714285714287, "recall": 0.7857142857142857, "f1-score": 0.7868184955141478, "support": 28.0}}, "confusion_matrix": [[6, 1, 2], [0, 7, 1], [0, 2, 9]], "labels": ["negative", "neutral", "positive"], "total_samples": 136, "training_samples": 108, "test_samples": 28, "custom_samples": 8, "algorithm": "Logistic Regression + TF-IDF (n-gram 1-3)", "features": 2000}