{"accuracy": 91.67, "cv_mean": 92.5, "cv_std": 4.08, "cv_scores": [95.83, 87.5, 87.5, 95.83, 95.83], "precision": 93.33, "recall": 91.67, "f1_score": 91.85, "report": {"negative": {"precision": 1.0, "recall": 0.875, "f1-score": 0.9333333333333333, "support": 8.0}, "neutral": {"precision": 0.8, "recall": 1.0, "f1-score": 0.8888888888888888, "support": 8.0}, "positive": {"precision": 1.0, "recall": 0.875, "f1-score": 0.9333333333333333, "support": 8.0}, "accuracy": 0.9166666666666666, "macro avg": {"precision": 0.9333333333333332, "recall": 0.9166666666666666, "f1-score": 0.9185185185185185, "support": 24.0}, "weighted avg": {"precision": 0.9333333333333332, "recall": 0.9166666666666666, "f1-score": 0.9185185185185185, "support": 24.0}}, "confusion_matrix": [[7, 1, 0], [0, 8, 0], [0, 1, 7]], "labels": ["negative", "neutral", "positive"], "total_samples": 120, "training_samples": 96, "test_samples": 24, "custom_samples": 0, "algorithm": "Logistic Regression + TF-IDF (n-gram 1-3)", "features": 2000}