{"accuracy": 84.0, "cv_mean": 90.33, "cv_std": 5.97, "cv_scores": [96.0, 80.0, 88.0, 96.0, 91.67], "precision": 86.7, "recall": 84.0, "f1_score": 84.05, "report": {"negative": {"precision": 1.0, "recall": 0.7777777777777778, "f1-score": 0.875, "support": 9.0}, "neutral": {"precision": 0.7272727272727273, "recall": 1.0, "f1-score": 0.8421052631578947, "support": 8.0}, "positive": {"precision": 0.8571428571428571, "recall": 0.75, "f1-score": 0.8, "support": 8.0}, "accuracy": 0.84, "macro avg": {"precision": 0.8614718614718614, "recall": 0.8425925925925926, "f1-score": 0.8390350877192981, "support": 25.0}, "weighted avg": {"precision": 0.867012987012987, "recall": 0.84, "f1-score": 0.8404736842105263, "support": 25.0}}, "confusion_matrix": [[7, 1, 1], [0, 8, 0], [0, 2, 6]], "labels": ["negative", "neutral", "positive"], "total_samples": 124, "training_samples": 99, "test_samples": 25, "custom_samples": 8, "algorithm": "Logistic Regression + TF-IDF (n-gram 1-3)", "features": 2000}